ticker,company_name,member_from,member_until
1332.T,NISSUI CORP.,2006-08-01,
1333.T,Maruha Nichiro,2014-04-02,2022-10-04
1334.T,Maruha Nichiro Holdings,2009-04-02,2014-03-27
1605.T,INPEX CORP.,2006-08-01,
1721.T,COMSYS HOLDINGS CORP.,2006-08-01,
1801.T,TAISEI CORP.,2006-08-01,
1802.T,OBAYASHI CORP.,2006-08-01,
1803.T,SHIMIZU CORP.,2006-08-01,
1808.T,Haseko Corporation,2015-10-01,
1812.T,KAJIMA CORP.,2006-08-01,
1861.T,Kumagai Gumi,2006-08-01,2009-04-02
1925.T,"DAIWA HOUSE IND. CO., LTD.",2006-08-01,
1928.T,"SEKISUI HOUSE, LTD.",2006-08-01,
1963.T,JGC HOLDINGS CORP.,2006-08-01,
2002.T,NISSHIN SEIFUN GROUP INC.,2006-08-01,
2202.T,Meiji Seika Kaisha,2006-08-01,2009-04-02
2261.T,Meiji Dairies,2006-08-01,2009-04-02
2269.T,Meiji Holdings,2009-04-02,
2282.T,NH FOODS LTD.,2006-08-01,
2413.T,M3,2019-10-01,
2432.T,DeNA,2015-10-01,
2501.T,SAPPORO BREWERIES LTD.,2006-08-01,
2502.T,"ASAHI GROUP HOLDINGS, LTD.",2006-08-01,
2503.T,"KIRIN HOLDINGS CO., LTD.",2006-08-01,
2531.T,Takara Holdings,2006-08-01,2025-04-01
2602.T,Nisshin OilliO Group,2006-08-01,2008-03-26
2768.T,SOJITZ CORP.,2006-08-01,
2779.T,Mitsukoshi,2006-08-01,2008-07-28
2801.T,KIKKOMAN CORP.,2006-08-01,
2802.T,"AJINOMOTO CO., INC.",2006-08-01,
285A.T,Kioxia Holdings,2026-04-01,
2871.T,NICHIREI CORP.,2006-08-01,
2914.T,JAPAN TOBACCO INC.,2006-08-01,
3086.T,J. Front Retailing,2008-03-26,
3092.T,ZOZO,2025-04-01,
3099.T,Isetan Mitsukoshi Holdings,2008-07-28,
3101.T,Toyobo,2006-08-01,2025-04-01
3103.T,Unitika,2006-08-01,2022-10-04
3105.T,Nisshinbo Holdings,2006-08-01,2021-12-02
3110.T,Nitto Boseki,2006-08-01,2015-10-01
3289.T,Tokyu Fudosan Holdings Corporation,2013-10-02,
3382.T,"SEVEN & I HOLDINGS CO., LTD.",2006-08-01,
3401.T,TEIJIN LTD.,2006-08-01,
3402.T,"TORAY INDUSTRIES, INC.",2006-08-01,
3404.T,Mitsubishi Rayon,2006-08-01,2010-09-28
3405.T,"KURARAY CO., LTD.",2006-08-01,
3407.T,ASAHI KASEI CORP.,2006-08-01,
3436.T,SUMCO,2008-03-26,
3659.T,NEXON,2020-10-29,
3697.T,SHIFT,2025-10-01,
3861.T,OJI HOLDINGS CORP.,2006-08-01,
3863.T,Nippon Paper Industries,2013-04-02,2025-04-01
3864.T,Mitsubishi Paper Mills Ltd.,2006-08-01,2013-10-02
3865.T,Hokuetsu Kishu Paper,2006-08-01,2018-10-01
3893.T,Nippon Paper Group,2006-08-01,2013-03-27
4004.T,RESONAC HOLDINGS CORP.,2006-08-01,
4005.T,"SUMITOMO CHEMICAL CO., LTD.",2006-08-01,
4021.T,NISSAN CHEMICAL CORP.,2006-08-01,
4041.T,Nippon Soda,2006-08-01,2016-10-03
4042.T,TOSOH CORP.,2006-08-01,
4043.T,Tokuyama,2012-09-26,
4045.T,Toagosei,2006-08-01,2009-04-02
4061.T,"DENKA CO., LTD.",2006-08-01,
4062.T,Ibiden,2025-11-11,
4063.T,"SHIN-ETSU CHEMICAL CO., LTD.",2006-08-01,
4151.T,"KYOWA KIRIN CO., LTD.",2006-08-01,
4183.T,"MITSUI CHEMICALS, INC.",2006-08-01,
4188.T,MITSUBISHI CHEMICAL GROUP CORP.,2006-08-01,
4208.T,UBE CORP.,2006-08-01,
4272.T,Nippon Kayaku,2006-08-01,2020-10-01
4307.T,Nomura Research Institute,2025-04-01,
4324.T,DENTSU GROUP INC.,2006-08-01,
4385.T,Mercari,2025-04-01,
4452.T,KAO CORP.,2006-08-01,
4502.T,"TAKEDA PHARMACEUTICAL CO., LTD.",2006-08-01,
4503.T,ASTELLAS PHARMA INC.,2006-08-01,
4506.T,"SUMITOMO PHARMA CO., LTD.",2006-08-01,
4507.T,"SHIONOGI & CO., LTD.",2006-08-01,
4519.T,"CHUGAI PHARMACEUTICAL CO., LTD.",2006-08-01,
4523.T,"EISAI CO., LTD.",2006-08-01,
4543.T,TERUMO CORP.,2006-08-01,
4568.T,"DAIICHI SANKYO CO., LTD.",2006-08-01,
4578.T,Otsuka Holdings,2017-01-24,
4631.T,DIC,2018-12-26,2025-04-01
4661.T,Oriental Land,2025-04-01,
4689.T,LY CORP.,2006-08-01,
4704.T,TREND MICRO INC.,2006-08-01,
4751.T,CyberAgent,2018-10-01,
4755.T,Rakuten,2016-10-03,
4795.T,Sky Perfect Communications,2006-08-01,2007-03-27
4901.T,FUJIFILM HOLDINGS CORP.,2006-08-01,
4902.T,"KONICA MINOLTA, INC.",2006-08-01,
4911.T,"SHISEIDO CO., LTD.",2006-08-01,
5001.T,Nippon Oil,2006-08-01,2010-09-28
5002.T,Showa Shell Sekiyu,2006-08-01,2019-03-27
5016.T,Nippon Mining Holdings,2006-08-01,2010-09-28
5019.T,Idemitsu Kosan,2019-03-27,
5020.T,JX Holdings,2010-09-28,
5101.T,"THE YOKOHAMA RUBBER CO., LTD.",2006-08-01,
5108.T,BRIDGESTONE CORP.,2006-08-01,
5201.T,AGC INC.,2006-08-01,
5202.T,Nippon Sheet Glass,2006-08-01,2025-04-01
5214.T,Nippon Electric Glass,2010-09-28,
5232.T,Sumitomo Osaka Cement,2006-08-01,2025-04-01
5233.T,TAIHEIYO CEMENT CORP.,2006-08-01,
5301.T,"TOKAI CARBON CO., LTD.",2006-08-01,
5332.T,TOTO LTD.,2006-08-01,
5333.T,NGK CORP.,2006-08-01,
5401.T,NIPPON STEEL CORP.,2006-08-01,
5405.T,Sumitomo Metal Industries,2006-08-01,2012-09-26
5406.T,"KOBE STEEL, LTD.",2006-08-01,
5407.T,Nisshin Steel,2010-09-28,2012-10-02
5411.T,"JFE HOLDINGS, INC.",2006-08-01,
5413.T,Nisshin Steel Holdings,2012-09-26,2018-12-26
543A.T,ARCHION,2026-04-01,
5541.T,Pacific Metals,2009-04-02,2025-04-01
5631.T,"THE JAPAN STEEL WORKS, LTD.",2006-08-01,
5701.T,Nippon Light Metal,2006-08-01,2012-10-02
5703.T,Nippon Light Metal Holdings,2012-09-26,2025-04-01
5706.T,"MITSUI KINZOKU CO., LTD.",2006-08-01,
5707.T,Toho Zinc,2006-08-01,2025-04-01
5711.T,MITSUBISHI MATERIALS CORP.,2006-08-01,
5713.T,"SUMITOMO METAL MINING CO., LTD.",2006-08-01,
5714.T,"DOWA HOLDINGS CO., LTD.",2006-08-01,
5715.T,Furukawa,2006-08-01,2018-10-01
5801.T,"FURUKAWA ELECTRIC CO., LTD.",2006-08-01,
5802.T,"SUMITOMO ELECTRIC IND., LTD.",2006-08-01,
5803.T,FUJIKURA LTD.,2006-08-01,
5831.T,Shizuoka Financial Group,2022-10-04,
5901.T,Toyo Seikan Group Holdings,2006-08-01,2021-12-02
6098.T,Recruit Holdings,2018-10-01,
6103.T,OKUMA CORP.,2006-08-01,
6113.T,Amada,2011-09-28,
6146.T,Disco,2025-04-01,
6178.T,Japan Post Holdings,2018-10-01,
6273.T,SMC,2022-10-04,
6301.T,KOMATSU LTD.,2006-08-01,
6302.T,"SUMITOMO HEAVY IND., LTD.",2006-08-01,
6305.T,Hitachi Construction Machinery,2009-04-02,
6326.T,KUBOTA CORP.,2006-08-01,
6361.T,EBARA CORP.,2006-08-01,
6366.T,Chiyoda,2006-08-01,2019-08-01
6367.T,"DAIKIN INDUSTRIES, LTD.",2006-08-01,
6471.T,NSK LTD.,2006-08-01,
6472.T,NTN CORP.,2006-08-01,
6473.T,JTEKT CORP.,2006-08-01,
6479.T,MINEBEA MITSUMI INC.,2006-08-01,
6501.T,"HITACHI, LTD.",2006-08-01,
6502.T,Toshiba,2006-08-01,2017-08-01
6503.T,MITSUBISHI ELECTRIC CORP.,2006-08-01,
6504.T,"FUJI ELECTRIC CO., LTD.",2006-08-01,
6506.T,Yaskawa Electric,2011-09-28,
6508.T,Meidensha,2006-08-01,2018-10-01
6526.T,Socionext,2025-04-01,
6532.T,BayCurrent,2025-04-01,
6594.T,Nidec,2022-09-29,2025-11-11
6645.T,OMRON,2019-03-18,
6674.T,GS Yuasa,2006-08-01,2026-04-01
6701.T,NEC CORP.,2006-08-01,
6702.T,FUJITSU LTD.,2006-08-01,
6703.T,Oki Electric Industry,2006-08-01,2022-10-04
6723.T,Renesas Electronics,2025-04-01,
6724.T,Seiko Epson,2017-08-01,
6752.T,PANASONIC HOLDINGS CORP.,2006-08-01,
6753.T,Sharp,2006-08-01,2016-08-01
6753.T,Sharp,2021-12-02,
6758.T,SONY GROUP CORP.,2006-08-01,
6762.T,TDK CORP.,2006-08-01,
6764.T,Sanyo Electric,2006-08-01,2011-09-28
6767.T,Mitsumi Electric,2006-08-01,2017-01-24
6770.T,"ALPS ALPINE CO., LTD.",2006-08-01,
6773.T,Pioneer,2006-08-01,2019-03-18
6796.T,Clarion,2006-08-01,2010-10-01
6841.T,YOKOGAWA ELECTRIC CORP.,2006-08-01,
6857.T,ADVANTEST CORP.,2006-08-01,
6861.T,KEYENCE,2021-12-02,
6902.T,DENSO CORP.,2006-08-01,
6920.T,Lasertec,2025-04-01,
6952.T,CASIO COMPUTER,2006-08-01,2026-04-01
6954.T,FANUC CORP.,2006-08-01,
6963.T,Rohm,2025-07-04,
6971.T,KYOCERA CORP.,2006-08-01,
6976.T,"TAIYO YUDEN CO., LTD.",2006-08-01,
6981.T,Murata Manufacturing,2021-12-02,
6988.T,Nitto Denko Corporation,2013-09-26,
6991.T,Panasonic Electric Works,2006-08-01,2011-09-28
7003.T,Mitsui E&S,2006-08-01,2025-04-01
7004.T,KANADEVIA CORP.,2006-08-01,
7011.T,"MITSUBISHI HEAVY IND., LTD.",2006-08-01,
7012.T,"KAWASAKI HEAVY IND., LTD.",2006-08-01,
7013.T,IHI CORP.,2006-08-01,
7186.T,Concordia Financial Group,2016-04-04,
7201.T,"NISSAN MOTOR CO., LTD.",2006-08-01,
7202.T,ISUZU MOTORS LTD.,2006-08-01,
7203.T,TOYOTA MOTOR CORP.,2006-08-01,
7205.T,HINO MOTORS,2006-08-01,2026-04-01
7211.T,MITSUBISHI MOTORS CORP.,2006-08-01,
7231.T,Topy Industries,2006-08-01,2008-03-26
7261.T,MAZDA MOTOR CORP.,2006-08-01,
7267.T,"HONDA MOTOR CO., LTD.",2006-08-01,
7269.T,SUZUKI MOTOR CORP.,2006-08-01,
7270.T,SUBARU CORP.,2006-08-01,
7272.T,Yamaha Motor,2016-08-01,
7453.T,Ryohin Keikaku,2025-04-01,
7532.T,Pan Pacific International Holdings,2026-04-01,
7731.T,NIKON CORP.,2006-08-01,
7733.T,OLYMPUS CORP.,2006-08-01,
7735.T,Dainippon Screen Mfg.,2011-09-28,
7741.T,HOYA,2022-10-04,
7751.T,CANON INC.,2006-08-01,
7752.T,"RICOH CO., LTD.",2006-08-01,
7762.T,Citizen Watch,2006-08-01,2025-10-01
7832.T,BANDAI NAMCO Holdings,2019-08-01,
7911.T,TOPPAN HOLDINGS INC.,2006-08-01,
7912.T,"DAI NIPPON PRINTING CO., LTD.",2006-08-01,
7951.T,YAMAHA CORP.,2006-08-01,
7974.T,Nintendo,2021-12-02,
8001.T,ITOCHU CORP.,2006-08-01,
8002.T,MARUBENI CORP.,2006-08-01,
8015.T,TOYOTA TSUSHO CORP.,2006-08-01,
8028.T,FamilyMart,2016-08-29,2020-10-29
8031.T,"MITSUI & CO., LTD.",2006-08-01,
8035.T,TOKYO ELECTRON LTD.,2006-08-01,
8053.T,SUMITOMO CORP.,2006-08-01,
8058.T,MITSUBISHI CORP.,2006-08-01,
8233.T,"TAKASHIMAYA CO., LTD.",2006-08-01,
8238.T,Isetan,2006-08-01,2008-07-28
8252.T,"MARUI GROUP CO., LTD.",2006-08-01,
8253.T,"CREDIT SAISON CO., LTD.",2006-08-01,
8267.T,"AEON CO., LTD.",2006-08-01,
8270.T,Uny,2008-07-28,2016-08-29
8303.T,Shinsei Bank,2006-08-01,2022-04-04
8304.T,Aozora Bank,2011-09-28,
8306.T,"MITSUBISHI UFJ FINANCIAL GROUP, INC.",2006-08-01,
8308.T,"RESONA HOLDINGS, INC.",2006-08-01,
8309.T,"SUMITOMO MITSUI TRUST GROUP, INC.",2006-08-01,
8316.T,"SUMITOMO MITSUI FINANCIAL GROUP, INC.",2006-08-01,
8331.T,"THE CHIBA BANK, LTD.",2006-08-01,
8332.T,The Bank of Yokohama,2006-08-01,2016-03-29
8354.T,Fukuoka Financial Group,2008-03-26,
8355.T,Shizuoka Bank,2006-08-01,2022-09-29
8403.T,Sumitomo Trust & Banking,2006-08-01,2011-09-28
8404.T,Mizuho Trust & Banking,2006-08-01,2011-09-28
8411.T,"MIZUHO FINANCIAL GROUP, INC.",2006-08-01,
8583.T,Mitsubishi UFJ Nicos,2006-08-01,2008-07-28
8591.T,ORIX Corporation,2022-04-04,
8601.T,DAIWA SECURITIES GROUP INC.,2006-08-01,
8603.T,Nikko Cordial,2006-08-01,2008-01-23
8604.T,"NOMURA HOLDINGS, INC.",2006-08-01,
8606.T,Mizuho Securities,2006-08-01,2011-09-28
8628.T,Matsui Securities,2008-07-28,2025-04-01
8630.T,NKSJ Holdings,2010-09-28,
8697.T,Japan Exchange Group,2020-07-29,
8725.T,Mitsui Sumitomo Insurance Group Holdings,2008-07-28,
8729.T,Sony Financial Holdings,2011-09-28,2020-07-29
8750.T,Dai-ichi Life Insurance,2011-09-28,
8752.T,Mitsui Sumitomo Insurance,2006-08-01,2008-07-28
8755.T,Sompo Japan Insurance,2006-08-01,2010-09-28
8766.T,"TOKIO MARINE HOLDINGS, INC.",2006-08-01,
8795.T,"T&D HOLDINGS, INC.",2006-08-01,
8801.T,"MITSUI FUDOSAN CO., LTD.",2006-08-01,
8802.T,"MITSUBISHI ESTATE CO., LTD.",2006-08-01,
8803.T,Heiwa Real Estate,2006-08-01,2015-10-01
8804.T,Tokyo Tatemono,2010-10-01,
8815.T,Tokyu Land Corporation,2006-08-01,2013-09-26
8830.T,"SUMITOMO REALTY & DEVELOPMENT CO., LTD.",2006-08-01,
9001.T,"TOBU RAILWAY CO., LTD.",2006-08-01,
9005.T,TOKYU CORP.,2006-08-01,
9007.T,"ODAKYU ELECTRIC RAILWAY CO., LTD.",2006-08-01,
9008.T,KEIO CORP.,2006-08-01,
9009.T,"KEISEI ELECTRIC RAILWAY CO., LTD.",2006-08-01,
9020.T,EAST JAPAN RAILWAY CO.,2006-08-01,
9021.T,WEST JAPAN RAILWAY CO.,2006-08-01,
9022.T,Central Japan Railway,2010-01-22,
9062.T,Nippon Express,2006-08-01,2021-12-29
9064.T,"YAMATO HOLDINGS CO., LTD.",2006-08-01,
9101.T,NIPPON YUSEN K.K.,2006-08-01,
9104.T,"MITSUI O.S.K.LINES, LTD.",2006-08-01,
9107.T,"KAWASAKI KISEN KAISHA, LTD.",2006-08-01,
9147.T,Nippon Express Holdings,2022-01-05,
9201.T,Japan Airlines,2025-04-01,
9202.T,ANA HOLDINGS INC.,2006-08-01,
9205.T,Japan Airlines,2006-08-01,2010-01-20
9301.T,Mitsubishi Logistics,2006-08-01,2025-04-01
9412.T,Sky Perfect Jsat,2007-04-03,2021-12-02
9432.T,"NTT, INC.",2006-08-01,
9433.T,KDDI CORP.,2006-08-01,
9434.T,SoftBank,2020-10-01,
9437.T,NTT Docomo,2006-08-01,2021-12-02
9501.T,"TOKYO ELECTRIC POWER COMPANY HOLDINGS, INC.",2006-08-01,
9502.T,"CHUBU ELECTRIC POWER CO., INC.",2006-08-01,
9503.T,"THE KANSAI ELECTRIC POWER CO., INC.",2006-08-01,
9531.T,"TOKYO GAS CO., LTD.",2006-08-01,
9532.T,"OSAKA GAS CO., LTD.",2006-08-01,
9602.T,"TOHO CO., LTD",2006-08-01,
9613.T,NTT Data Group,2006-08-01,2025-07-04
9681.T,Tokyo Dome,2006-08-01,2019-10-01
9735.T,"SECOM CO., LTD.",2006-08-01,
9737.T,CSK,2006-08-01,2011-09-28
9766.T,KONAMI GROUP CORP.,2006-08-01,
9843.T,Nitori Holdings,2025-04-01,
9983.T,"FAST RETAILING CO., LTD.",2006-08-01,
9984.T,SOFTBANK GROUP CORP.,2006-08-01,
